{
    "asdfasd": {
        "gesture": [
            [
                0.8644526258458416,
                1.0582454331376645,
                1.0,
                0.9140749052872088,
                0.7252917464942468,
                0.40450856747862785,
                0.1506808399704811,
                0.10748182657481639,
                0.23390051366372472,
                0.8644526258458416,
                1.0582454331376645,
                1.0,
                0.9140749052872088,
                0.7252917464942468,
                0.37339683337143686,
                0.5085500957754291,
                0.5734699023710227,
                0.738294666292295,
                0.1351927152590052,
                0.20047880589128966,
                0.368051494343148,
                0.06754903416207395,
                0.23735437716506988,
                0.16980645230250438,
                2.8902124190868292,
                2.861522558290546,
                2.921766367095269,
                3.0662565052281456,
                2.919947717194516,
                0.5881116708998928,
                0.2439942798015044
            ]
        ],
        "shortcut": [
            "s",
            "d",
            "f",
            "g",
            "h"
        ]
    },
    "test": {
        "gesture": [
            [
                0.6867801322528937,
                0.7610967064041386,
                1.0,
                1.034923005273038,
                0.914359346588043,
                0.12312614907300483,
                0.3570509381125448,
                0.18398902450591534,
                0.22459631842814004,
                0.6867801322528937,
                0.7610967064041386,
                1.0,
                1.034923005273038,
                0.914359346588043,
                0.13588718085323043,
                0.4312897668748375,
                0.6066468096486253,
                0.7952773425993236,
                0.3053426760384867,
                0.47660870363049823,
                0.6621003583751118,
                0.1778043379962397,
                0.3718754600624867,
                0.19510645922117686,
                2.730631069351508,
                2.148319727080955,
                2.711104332984596,
                2.873261368993563,
                3.02412449652965,
                0.6545698140218024,
                0.5005444207670914
            ]
        ],
        "shortcut": [
            "g"
        ]
    }
}